Workbook

Sheet Instructions
A1: Perform the following in the dataset from the 'Dataset' sheet.
B3: 1) Sum, Count, Average:
C4: • What is the total price of all products in the dataset?
C5: • How many products are there in the dataset?
C6: • Calculate the average price of the products.
B8: 2) Min and Max:
C9: • Determine the minimum price among all products.
C10: • Find the maximum price among all products.
B12: 3) IF Function:
C13: • Using an IF function, create a new column named Price Range to categorize products with a price greater than or equal to $500 as 'High Price' and others as 'Standard Price'.
B15: 4) SUMIF and COUNTIF:
C16: • Calculate the total price for products in the 'Electronics' category using the SUMIF function.
C17: • Determine the count of products with a price less than $100 using the COUNTIF function.
B19: 5) Text Formatting - LEFT, RIGHT, MID:
C20: • Create a new column named Day with the first 2 characters of each 'Product ID' using the LEFT function.
C21: • Create a new column named Country Code by extracting the last 2 characters from the 'Product ID' column using the RIGHT function.
C22: • Create a new column named Month by extracting 4th to 6th characters from the 'Product ID' column using the MID function.

Sheet Dataset
A1: Product ID | B1: Product Name | C1: Brand Name | D1: Price ($) | E1: Quantity | F1: Category
A2: 28-JAN-US | B2: Laptop | C2: Dell | D2: 1000 | E2: 30 | F2: Electronics
A3: 15-FEB-US | B3: Sneakers | C3: Nike | D3: 80 | E3: 15 | F3: Fashion
A4: 03-MAR-US | B4: Coffee Maker | C4: Keurig | D4: 130 | E4: 40 | F4: Kitchen
A5: 11-APR-US | B5: Smartphone | C5: Samsung | D5: 900 | E5: 25 | F5: Electronics
A6: 22-MAY-US | B6: Backpack | C6: North Face | D6: 70 | E6: 20 | F6: Outdoor
A7: 07-JUN-UK | B7: Headphones | C7: Sony | D7: 200 | E7: 45 | F7: Electronics
A8: 19-JUL-UK | B8: T-shirt | C8: Adidas | D8: 30 | E8: 5 | F8: Fashion
A9: 23-AUG-UK | B9: Blender | C9: Ninja | D9: 90 | E9: 35 | F9: Kitchen
A10: 05-SEP-UK | B10: Tablet | C10: Apple | D10: 500 | E10: 50 | F10: Electronics
A11: 14-OCT-UK | B11: Hiking Boots | C11: Timberland | D11: 130 | E11: 10 | F11: Outdoor
A12: 17-JUN-IN | B12: Laptop | C12: HP | D12: 950 | E12: 25 | F12: Electronics
A13: 25-NOV-AU | B13: Sneakers | C13: Adidas | D13: 90 | E13: 40 | F13: Fashion
... A35: 09-JUL-FR | B35: Watch | C35: Casio | D35: 100 | E35: 20 | F35: Accessories

Sheet Sheet1
A1: Product ID | B1: Product Name | C1: Brand Name | D1: Price ($) | E1: Price range | F1: Quantity | G1: Category | H1: Day | I1: Country | J1: Month
A2: 28-JAN-US | B2: Laptop | C2: Dell | D2: 1000 | E2: =IF(D2>=500,"High Price","Standard Price") -> High Price | F2: 30 | G2: Electronics | H2: =LEFT(A2,2) -> 28 | I2: =RIGHT(Sheet1!A2,2) -> US | J2: =MID(A2,4,3) -> JAN | L2: 1. SUM,COUNT,AVERAGE
A3: 15-FEB-US | B3: Sneakers | C3: Nike | D3: 80 | E3: =IF(D3>=500,"High Price","Standard Price") -> Standard Price | F3: 15 | G3: Fashion | H3: =LEFT(A3,2) -> 15 | I3: =RIGHT(Sheet1!A3,2) -> US | J3: =MID(A3,4,3) -> FEB | L3: Total Price | M3: =SUM(Sheet1!D2:D35) -> 10100
A4: 03-MAR-US | B4: Coffee Maker | C4: Keurig | D4: 130 | E4: =IF(D4>=500,"High Price","Standard Price") -> Standard Price | F4: 40 | G4: Kitchen | H4: =LEFT(A4,2) -> 03 | I4: =RIGHT(Sheet1!A4,2) -> US | J4: =MID(A4,4,3) -> MAR | L4: No.of products | M4: =COUNTA(B2:B35) -> 34
A5: 11-APR-US | B5: Smartphone | C5: Samsung | D5: 900 | E5: =IF(D5>=500,"High Price","Standard Price") -> High Price | F5: 25 | G5: Electronics | H5: =LEFT(A5,2) -> 11 | I5: =RIGHT(Sheet1!A5,2) -> US | J5: =MID(A5,4,3) -> APR | L5: Average price | M5: =AVERAGE(D2:D35) -> 297.05882
A6: 22-MAY-US | B6: Backpack | C6: North Face | D6: 70 | E6: =IF(D6>=500,"High Price","Standard Price") -> Standard Price | F6: 20 | G6: Outdoor | H6: =LEFT(A6,2) -> 22 | I6: =RIGHT(Sheet1!A6,2) -> US | J6: =MID(A6,4,3) -> MAY
A7: 07-JUN-UK | B7: Headphones | C7: Sony | D7: 200 | E7: =IF(D7>=500,"High Price","Standard Price") -> Standard Price | F7: 45 | G7: Electronics | H7: =LEFT(A7,2) -> 07 | I7: =RIGHT(Sheet1!A7,2) -> UK | J7: =MID(A7,4,3) -> JUN
A8: 19-JUL-UK | B8: T-shirt | C8: Adidas | D8: 30 | E8: =IF(D8>=500,"High Price","Standard Price") -> Standard Price | F8: 5 | G8: Fashion | H8: =LEFT(A8,2) -> 19 | I8: =RIGHT(Sheet1!A8,2) -> UK | J8: =MID(A8,4,3) -> JUL | L8: 2. MIN AND MAX
A9: 23-AUG-UK | B9: Blender | C9: Ninja | D9: 90 | E9: =IF(D9>=500,"High Price","Standard Price") -> Standard Price | F9: 35 | G9: Kitchen | H9: =LEFT(A9,2) -> 23 | I9: =RIGHT(Sheet1!A9,2) -> UK | J9: =MID(A9,4,3) -> AUG | L9: Min price | M9: =MIN(D2:D35) -> 30
A10: 05-SEP-UK | B10: Tablet | C10: Apple | D10: 500 | E10: =IF(D10>=500,"High Price","Standard Price") -> High Price | F10: 50 | G10: Electronics | H10: =LEFT(A10,2) -> 05 | I10: =RIGHT(Sheet1!A10,2) -> UK | J10: =MID(A10,4,3) -> SEP | L10: Max price | M10: =MAX(D2:D35) -> 1000
A11: 14-OCT-UK | B11: Hiking Boots | C11: Timberland | D11: 130 | E11: =IF(D11>=500,"High Price","Standard Price") -> Standard Price | F11: 10 | G11: Outdoor | H11: =LEFT(A11,2) -> 14 | I11: =RIGHT(Sheet1!A11,2) -> UK | J11: =MID(A11,4,3) -> OCT
A12: 17-JUN-IN | B12: Laptop | C12: HP | D12: 950 | E12: =IF(D12>=500,"High Price","Standard Price") -> High Price | F12: 25 | G12: Electronics | H12: =LEFT(A12,2) -> 17 | I12: =RIGHT(Sheet1!A12,2) -> IN | J12: =MID(A12,4,3) -> JUN
A13: 25-NOV-AU | B13: Sneakers | C13: Adidas | D13: 90 | E13: =IF(D13>=500,"High Price","Standard Price") -> Standard Price | F13: 40 | G13: Fashion | H13: =LEFT(A13,2) -> 25 | I13: =RIGHT(Sheet1!A13,2) -> AU | J13: =MID(A13,4,3) -> NOV | L13: 4. SUMIF() AND COUNTIF()
A14: 08-DEC-DE | B14: Coffee Maker | C14: Nespresso | D14: 120 | E14: =IF(D14>=500,"High Price","Standard Price") -> Standard Price | F14: 35 | G14: Kitchen | H14: =LEFT(A14,2) -> 08 | I14: =RIGHT(Sheet1!A14,2) -> DE | J14: =MID(A14,4,3) -> DEC | L14: Total price for electronics | M14: =SUMIF(Sheet1!G2:G35,Sheet1!G2,Sheet1!D2:D35) -> 8050
A15: 18-FEB-CA | B15: Smartwatch | C15: Fitbit | D15: 150 | E15: =IF(D15>=500,"High Price","Standard Price") -> Standard Price | F15: 15 | G15: Electronics | H15: =LEFT(A15,2) -> 18 | I15: =RIGHT(Sheet1!A15,2) -> CA | J15: =MID(A15,4,3) -> FEB | L15: Count of products price lessthan $100 | M15: =COUNTIF(D2:D35,"<100") -> 11
A16: 16-APR-ES | B16: Headphones | C16: Bose | D16: 250 | E16: =IF(D16>=500,"High Price","Standard Price") -> Standard Price | F16: 20 | G16: Electronics | H16: =LEFT(A16,2) -> 16 | I16: =RIGHT(Sheet1!A16,2) -> ES | J16: =MID(A16,4,3) -> APR
A17: 21-AUG-CA | B17: Laptop Bag | C17: Samsonite | D17: 50 | E17: =IF(D17>=500,"High Price","Standard Price") -> Standard Price | F17: 35 | G17: Accessories | H17: =LEFT(A17,2) -> 21 | I17: =RIGHT(Sheet1!A17,2) -> CA | J17: =MID(A17,4,3) -> AUG
A18: 20-AUG-CN | B18: Smartwatch | C18: Huawei | D18: 160 | E18: =IF(D18>=500,"High Price","Standard Price") -> Standard Price | F18: 15 | G18: Electronics | H18: =LEFT(A18,2) -> 20 | I18: =RIGHT(Sheet1!A18,2) -> CN | J18: =MID(A18,4,3) -> AUG
A19: 27-JAN-IT | B19: Laptop | C19: Asus | D19: 980 | E19: =IF(D19>=500,"High Price","Standard Price") -> High Price | F19: 10 | G19: Electronics | H19: =LEFT(A19,2) -> 27 | I19: =RIGHT(Sheet1!A19,2) -> IT | J19: =MID(A19,4,3) -> JAN | L19: 3. COLUMN E IS THE ANSWER
A20: 01-MAR-UK | B20: Sunglasses | C20: Oakley | D20: 150 | E20: =IF(D20>=500,"High Price","Standard Price") -> Standard Price | F20: 15 | G20: Fashion | H20: =LEFT(A20,2) -> 01 | I20: =RIGHT(Sheet1!A20,2) -> UK | J20: =MID(A20,4,3) -> MAR
A21: 14-AUG-US | B21: Camping Tent | C21: Coleman | D21: 200 | E21: =IF(D21>=500,"High Price","Standard Price") -> Standard Price | F21: 10 | G21: Outdoor | H21: =LEFT(A21,2) -> 14 | I21: =RIGHT(Sheet1!A21,2) -> US | J21: =MID(A21,4,3) -> AUG
A22: 14-MAY-RU | B22: Camera | C22: Nikon | D22: 700 | E22: =IF(D22>=500,"High Price","Standard Price") -> High Price | F22: 50 | G22: Electronics | H22: =LEFT(A22,2) -> 14 | I22: =RIGHT(Sheet1!A22,2) -> RU | J22: =MID(A22,4,3) -> MAY | L22: 5. COLUMN H,I,J ARE THE ANSWERS
A23: 09-JAN-CA | B23: Microwave | C23: Panasonic | D23: 80 | E23: =IF(D23>=500,"High Price","Standard Price") -> Standard Price | F23: 20 | G23: Kitchen | H23: =LEFT(A23,2) -> 09 | I23: =RIGHT(Sheet1!A23,2) -> CA | J23: =MID(A23,4,3) -> JAN
A24: 19-JUL-BR | B24: Fitness Tracker | C24: Xiaomi | D24: 150 | E24: =IF(D24>=500,"High Price","Standard Price") -> Standard Price | F24: 30 | G24: Electronics | H24: =LEFT(A24,2) -> 19 | I24: =RIGHT(Sheet1!A24,2) -> BR | J24: =MID(A24,4,3) -> JUL
A25: 21-AUG-CA | B25: Laptop Bag | C25: Samsonite | D25: 50 | E25: =IF(D25>=500,"High Price","Standard Price") -> Standard Price | F25: 35 | G25: Accessories | H25: =LEFT(A25,2) -> 21 | I25: =RIGHT(Sheet1!A25,2) -> CA | J25: =MID(A25,4,3) -> AUG
A26: 29-SEP-CA | B26: Smartphone | C26: Google | D26: 800 | E26: =IF(D26>=500,"High Price","Standard Price") -> High Price | F26: 45 | G26: Electronics | H26: =LEFT(A26,2) -> 29 | I26: =RIGHT(Sheet1!A26,2) -> CA | J26: =MID(A26,4,3) -> SEP
A27: 03-JUN-CA | B27: Sunglasses | C27: Ray-Ban | D27: 130 | E27: =IF(D27>=500,"High Price","Standard Price") -> Standard Price | F27: 25 | G27: Fashion | H27: =LEFT(A27,2) -> 03 | I27: =RIGHT(Sheet1!A27,2) -> CA | J27: =MID(A27,4,3) -> JUN
A28: 11-JUL-CA | B28: Blender | C28: Vitamix | D28: 400 | E28: =IF(D28>=500,"High Price","Standard Price") -> Standard Price | F28: 40 | G28: Kitchen | H28: =LEFT(A28,2) -> 11 | I28: =RIGHT(Sheet1!A28,2) -> CA | J28: =MID(A28,4,3) -> JUL
A29: 16-APR-ES | B29: Headphones | C29: Bose | D29: 230 | E29: =IF(D29>=500,"High Price","Standard Price") -> Standard Price | F29: 20 | G29: Electronics | H29: =LEFT(A29,2) -> 16 | I29: =RIGHT(Sheet1!A29,2) -> ES | J29: =MID(A29,4,3) -> APR
A30: 07-MAR-CA | B30: Dress | C30: Zara | D30: 60 | E30: =IF(D30>=500,"High Price","Standard Price") -> Standard Price | F30: 30 | G30: Fashion | H30: =LEFT(A30,2) -> 07 | I30: =RIGHT(Sheet1!A30,2) -> CA | J30: =MID(A30,4,3) -> MAR
A31: 13-APR-CA | B31: Toaster | C31: Hamilton | D31: 40 | E31: =IF(D31>=500,"High Price","Standard Price") -> Standard Price | F31: 10 | G31: Kitchen | H31: =LEFT(A31,2) -> 13 | I31: =RIGHT(Sheet1!A31,2) -> CA | J31: =MID(A31,4,3) -> APR
A32: 24-MAY-CA | B32: Fitness Tracker | C32: Garmin | D32: 130 | E32: =IF(D32>=500,"High Price","Standard Price") -> Standard Price | F32: 5 | G32: Electronics | H32: =LEFT(A32,2) -> 24 | I32: =RIGHT(Sheet1!A32,2) -> CA | J32: =MID(A32,4,3) -> MAY
A33: 02-DEC-CA | B33: Jeans | C33: Levi's | D33: 50 | E33: =IF(D33>=500,"High Price","Standard Price") -> Standard Price | F33: 50 | G33: Fashion | H33: =LEFT(A33,2) -> 02 | I33: =RIGHT(Sheet1!A33,2) -> CA | J33: =MID(A33,4,3) -> DEC
A34: 17-JUN-IN | B34: Laptop | C34: HP | D34: 950 | E34: =IF(D34>=500,"High Price","Standard Price") -> High Price | F34: 25 | G34: Electronics | H34: =LEFT(A34,2) -> 17 | I34: =RIGHT(Sheet1!A34,2) -> IN | J34: =MID(A34,4,3) -> JUN
A35: 09-JUL-FR | B35: Watch | C35: Casio | D35: 100 | E35: =IF(D35>=500,"High Price","Standard Price") -> Standard Price | F35: 20 | G35: Accessories | H35: =LEFT(A35,2) -> 09 | I35: =RIGHT(Sheet1!A35,2) -> FR | J35: =MID(A35,4,3) -> JUL
H36: =LEFT(A36,2)
H37: =LEFT(A37,2)
